kmr_00,areas/kmr/kmr_00.map/shape.bin,areas/kmr/kmr_00.map/hit.bin,areas/kmr/kmr.tex,backgrounds/kmr.bg.png,Forest Clearing
kmr_02,areas/kmr/kmr_02.map/shape.bin,areas/kmr/kmr_02.map/hit.bin,areas/kmr/kmr.tex,backgrounds/kmr.bg.png,Goomba Village
kmr_03,areas/kmr/kmr_03.map/shape.bin,areas/kmr/kmr_03.map/hit.bin,areas/kmr/kmr.tex,backgrounds/kmr.bg.png,Bottom of the Cliff
kmr_04,areas/kmr/kmr_04.map/shape.bin,areas/kmr/kmr_04.map/hit.bin,areas/kmr/kmr.tex,backgrounds/kmr.bg.png,Jr. Troopa's Playground
kmr_05,areas/kmr/kmr_05.map/shape.bin,areas/kmr/kmr_05.map/hit.bin,areas/kmr/kmr.tex,backgrounds/kmr.bg.png,Behind the Village
kmr_06,areas/kmr/kmr_06.map/shape.bin,areas/kmr/kmr_06.map/hit.bin,areas/kmr/kmr.tex,backgrounds/kmr.bg.png,Goomba Road 2
kmr_07,areas/kmr/kmr_07.map/shape.bin,areas/kmr/kmr_07.map/hit.bin,areas/kmr/kmr.tex,backgrounds/kmr.bg.png,Goomba Road 3
kmr_09,areas/kmr/kmr_09.map/shape.bin,areas/kmr/kmr_09.map/hit.bin,areas/kmr/kmr.tex,backgrounds/kmr.bg.png,Goomba Road 1
kmr_10,areas/kmr/kmr_10.map/shape.bin,areas/kmr/kmr_10.map/hit.bin,areas/kmr/kmr.tex,backgrounds/kmr.bg.png,Toad Town Entrance
kmr_11,areas/kmr/kmr_11.map/shape.bin,areas/kmr/kmr_11.map/hit.bin,areas/kmr/kmr.tex,backgrounds/kmr.bg.png,Goomba King's Castle
kmr_12,areas/kmr/kmr_12.map/shape.bin,areas/kmr/kmr_12.map/hit.bin,areas/kmr/kmr.tex,backgrounds/kmr.bg.png,Goomba Road 4
kmr_20,areas/kmr/kmr_20.map/shape.bin,areas/kmr/kmr_20.map/hit.bin,areas/kmr/kmr.tex,backgrounds/kmr.bg.png,Mario's House
kmr_21,areas/kmr/kmr_21.map/shape.bin,areas/kmr/kmr_21.map/hit.bin,areas/kmr/kmr.tex,none,Title Screen
kmr_22,areas/kmr/kmr_22.map/shape.bin,areas/kmr/kmr_22.map/hit.bin,areas/kmr/kmr.tex,none,Chapter Start
kmr_23,areas/kmr/kmr_23.map/shape.bin,areas/kmr/kmr_23.map/hit.bin,areas/kmr/kmr.tex,none,Chapter End
kmr_24,areas/kmr/kmr_24.map/shape.bin,areas/kmr/kmr_24.map/hit.bin,areas/kmr/kmr.tex,none,Save and Continue
kmr_30,areas/kmr/kmr_30.map/shape.bin,areas/kmr/kmr_30.map/hit.bin,areas/kmr/kmr.tex,none,Mario's House (Ending)
machi,areas/mac/machi.map/shape.bin,areas/mac/machi.map/hit.bin,areas/mac/mac.tex,backgrounds/nok.bg.png,Debug Warp Zone
mac_00,areas/mac/mac_00.map/shape.bin,areas/mac/mac_00.map/hit.bin,areas/mac/mac.tex,backgrounds/nok.bg.png,Gate District
mac_01,areas/mac/mac_01.map/shape.bin,areas/mac/mac_01.map/hit.bin,areas/mac/mac.tex,backgrounds/nok.bg.png,Plaza District
mac_02,areas/mac/mac_02.map/shape.bin,areas/mac/mac_02.map/hit.bin,areas/mac/mac.tex,backgrounds/nok.bg.png,Southern District
mac_03,areas/mac/mac_03.map/shape.bin,areas/mac/mac_03.map/hit.bin,areas/mac/mac.tex,backgrounds/nok.bg.png,Station District
mac_04,areas/mac/mac_04.map/shape.bin,areas/mac/mac_04.map/hit.bin,areas/mac/mac.tex,backgrounds/nok.bg.png,Residental District
mac_05,areas/mac/mac_05.map/shape.bin,areas/mac/mac_05.map/hit.bin,areas/mac/mac.tex,backgrounds/nok.bg.png,Port District
mac_06,areas/mac/mac_06.map/shape.bin,areas/mac/mac_06.map/hit.bin,areas/mac/mac.tex,backgrounds/nok.bg.png,Riding the Whale
tik_01,areas/tik/tik_01.map/shape.bin,areas/tik/tik_01.map/hit.bin,areas/tik/tik.tex,none,Warp Zone 1 (B1)
tik_02,areas/tik/tik_02.map/shape.bin,areas/tik/tik_02.map/hit.bin,areas/tik/tik.tex,none,Blooper Boss 1 (B1)
tik_03,areas/tik/tik_03.map/shape.bin,areas/tik/tik_03.map/hit.bin,areas/tik/tik.tex,none,Short Elevator Room (B1)
tik_04,areas/tik/tik_04.map/shape.bin,areas/tik/tik_04.map/hit.bin,areas/tik/tik.tex,none,Scales Room (B2)
tik_05,areas/tik/tik_05.map/shape.bin,areas/tik/tik_05.map/hit.bin,areas/tik/tik.tex,none,Spring Room (B2)
tik_06,areas/tik/tik_06.map/shape.bin,areas/tik/tik_06.map/hit.bin,areas/tik/tik.tex,none,Sewer Entrance (B1)
tik_07,areas/tik/tik_07.map/shape.bin,areas/tik/tik_07.map/hit.bin,areas/tik/tik.tex,none,Elevator Attic Room (B2)
tik_08,areas/tik/tik_08.map/shape.bin,areas/tik/tik_08.map/hit.bin,areas/tik/tik.tex,none,Second Level Entry (B2)
tik_09,areas/tik/tik_09.map/shape.bin,areas/tik/tik_09.map/hit.bin,areas/tik/tik.tex,none,Warp Zone 2 (B2)
tik_10,areas/tik/tik_10.map/shape.bin,areas/tik/tik_10.map/hit.bin,areas/tik/tik.tex,none,Block Puzzle Room (B2)
tik_12,areas/tik/tik_12.map/shape.bin,areas/tik/tik_12.map/hit.bin,areas/tik/tik.tex,none,Metal Block Room (B3)
tik_14,areas/tik/tik_14.map/shape.bin,areas/tik/tik_14.map/hit.bin,areas/tik/tik.tex,none,Rip Cheato Antechamber (B3)
tik_15,areas/tik/tik_15.map/shape.bin,areas/tik/tik_15.map/hit.bin,areas/tik/tik.tex,none,Rip Cheato's Home (B3)
tik_17,areas/tik/tik_17.map/shape.bin,areas/tik/tik_17.map/hit.bin,areas/tik/tik.tex,none,Frozen Room (B3)
tik_18,areas/tik/tik_18.map/shape.bin,areas/tik/tik_18.map/hit.bin,areas/tik/tik.tex,none,Hall to Blooper 1 (B1)
tik_19,areas/tik/tik_19.map/shape.bin,areas/tik/tik_19.map/hit.bin,areas/tik/tik.tex,none,Under the Toad Town Pond
tik_20,areas/tik/tik_20.map/shape.bin,areas/tik/tik_20.map/hit.bin,areas/tik/tik.tex,none,Room with Spikes (B2)
tik_21,areas/tik/tik_21.map/shape.bin,areas/tik/tik_21.map/hit.bin,areas/tik/tik.tex,none,Hidden Blocks Room (B2)
tik_22,areas/tik/tik_22.map/shape.bin,areas/tik/tik_22.map/hit.bin,areas/tik/tik.tex,none,Path to Shiver City (B2)
tik_23,areas/tik/tik_23.map/shape.bin,areas/tik/tik_23.map/hit.bin,areas/tik/tik.tex,none,Windy Path (B3)
tik_24,areas/tik/tik_18.map/shape.bin,areas/tik/tik_18.map/hit.bin,areas/tik/tik.tex,none,Hall to Ultra Boots (B3)
tik_25,areas/tik/tik_25.map/shape.bin,areas/tik/tik_25.map/hit.bin,areas/tik/tik.tex,none,Ultra Boots Room (B3)
kgr_01,areas/kgr/kgr_01.map/shape.bin,areas/kgr/kgr_01.map/hit.bin,areas/kgr/kgr.tex,none,Whale Mouth
kgr_02,areas/kgr/kgr_02.map/shape.bin,areas/kgr/kgr_02.map/hit.bin,areas/kgr/kgr.tex,none,Whale Stomach
kkj_00,areas/kkj/kkj_00.map/shape.bin,areas/kkj/kkj_00.map/hit.bin,areas/kkj/kkj.tex,backgrounds/nok.bg.png,Intro Entry Hall (1F)
kkj_01,areas/kkj/kkj_01.map/shape.bin,areas/kkj/kkj_01.map/hit.bin,areas/kkj/kkj.tex,backgrounds/nok.bg.png,Intro Upper Hall (2F)
kkj_02,areas/kkj/kkj_02.map/shape.bin,areas/kkj/kkj_02.map/hit.bin,areas/kkj/kkj.tex,backgrounds/nok.bg.png,Intro Stairs Hallway (3F)
kkj_03,areas/kkj/kkj_03.map/shape.bin,areas/kkj/kkj_03.map/hit.bin,areas/kkj/kkj.tex,backgrounds/nok.bg.png,Intro Window Hallway (4F)
kkj_10,areas/kkj/kkj_10.map/shape.bin,areas/kkj/kkj_10.map/hit.bin,areas/kkj/kkj.tex,none,Entry Hall (1F)
kkj_11,areas/kkj/kkj_11.map/shape.bin,areas/kkj/kkj_11.map/hit.bin,areas/kkj/kkj.tex,none,Upper Hall (2F)
kkj_12,areas/kkj/kkj_12.map/shape.bin,areas/kkj/kkj_12.map/hit.bin,areas/kkj/kkj.tex,none,Stairs Hallway (3F)
kkj_13,areas/kkj/kkj_13.map/shape.bin,areas/kkj/kkj_13.map/hit.bin,areas/kkj/kkj.tex,backgrounds/kpa.bg.png,Window Hallway (4F)
kkj_14,areas/kkj/kkj_14.map/shape.bin,areas/kkj/kkj_14.map/hit.bin,areas/kkj/kkj.tex,backgrounds/kpa.bg.png,Peach's Room (2F)
kkj_15,areas/kkj/kkj_15.map/shape.bin,areas/kkj/kkj_15.map/hit.bin,areas/kkj/kkj.tex,none,Passage Outlet (2F)
kkj_16,areas/kkj/kkj_16.map/shape.bin,areas/kkj/kkj_16.map/hit.bin,areas/kkj/kkj.tex,none,Library (2F)
kkj_17,areas/kkj/kkj_17.map/shape.bin,areas/kkj/kkj_17.map/hit.bin,areas/kkj/kkj.tex,none,Storeroom (2F)
kkj_18,areas/kkj/kkj_18.map/shape.bin,areas/kkj/kkj_18.map/hit.bin,areas/kkj/kkj.tex,backgrounds/kpa.bg.png,Dining Room (2F)
kkj_19,areas/kkj/kkj_19.map/shape.bin,areas/kkj/kkj_19.map/hit.bin,areas/kkj/kkj.tex,none,Kitchen (1F)
kkj_20,areas/kkj/kkj_20.map/shape.bin,areas/kkj/kkj_20.map/hit.bin,areas/kkj/kkj.tex,none,Guest Room (1F)
kkj_21,areas/kkj/kkj_21.map/shape.bin,areas/kkj/kkj_21.map/hit.bin,areas/kkj/kkj.tex,none,Inactive Quiz-Off (1F)
kkj_22,areas/kkj/kkj_22.map/shape.bin,areas/kkj/kkj_22.map/hit.bin,areas/kkj/kkj.tex,backgrounds/kpa.bg.png,Double Staircase (4F)
kkj_23,areas/kkj/kkj_23.map/shape.bin,areas/kkj/kkj_23.map/hit.bin,areas/kkj/kkj.tex,backgrounds/kpa.bg.png,Rooftop (5F)
kkj_24,areas/kkj/kkj_24.map/shape.bin,areas/kkj/kkj_24.map/hit.bin,areas/kkj/kkj.tex,backgrounds/kpa.bg.png,Tower Staircase (5F)
kkj_25,areas/kkj/kkj_25.map/shape.bin,areas/kkj/kkj_25.map/hit.bin,areas/kkj/kkj.tex,backgrounds/kpa.bg.png,Final Boss Arena (6F)
kkj_26,areas/kkj/kkj_26.map/shape.bin,areas/kkj/kkj_26.map/hit.bin,areas/kkj/kkj.tex,backgrounds/kpa.bg.png,Balcony (2F)
kkj_27,areas/kkj/kkj_27.map/shape.bin,areas/kkj/kkj_27.map/hit.bin,areas/kkj/kkj.tex,none,Secret Passage (2F)
kkj_28,areas/kkj/kkj_28.map/shape.bin,areas/kkj/kkj_28.map/hit.bin,areas/kkj/kkj.tex,none,Darkened Quiz-Off (1F)
kkj_29,areas/kkj/kkj_29.map/shape.bin,areas/kkj/kkj_29.map/hit.bin,areas/kkj/kkj.tex,none,Quiz-Off Room (1F)
hos_00,areas/hos/hos_00.map/shape.bin,areas/hos/hos_00.map/hit.bin,areas/hos/hos.tex,backgrounds/nok.bg.png,Shooting Star Path
hos_01,areas/hos/hos_01.map/shape.bin,areas/hos/hos_01.map/hit.bin,areas/hos/hos.tex,backgrounds/hos.bg.png,Shooting Star Summit
hos_02,areas/hos/hos_02.map/shape.bin,areas/hos/hos_02.map/hit.bin,areas/hos/hos.tex,backgrounds/hos.bg.png,Star Way
hos_03,areas/hos/hos_03.map/shape.bin,areas/hos/hos_03.map/hit.bin,areas/hos/hos.tex,backgrounds/hos.bg.png,Star Haven
hos_04,areas/hos/hos_04.map/shape.bin,areas/hos/hos_04.map/hit.bin,areas/hos/hos.tex,backgrounds/hos.bg.png,Outside the Sanctuary
hos_05,areas/hos/hos_05.map/shape.bin,areas/hos/hos_05.map/hit.bin,areas/hos/hos.tex,backgrounds/hos.bg.png,Star Sanctuary
hos_06,areas/hos/hos_06.map/shape.bin,areas/hos/hos_06.map/hit.bin,areas/hos/hos.tex,backgrounds/hos.bg.png,Merluvlee's House
hos_10,areas/hos/hos_10.map/shape.bin,areas/hos/hos_10.map/hit.bin,areas/hos/hos.tex,backgrounds/hos.bg.png,Ending Descent Scene
hos_20,areas/hos/hos_20.map/shape.bin,areas/hos/hos_20.map/hit.bin,areas/hos/hos.tex,backgrounds/hos.bg.png,Riding Star Ship Scene
nok_01,areas/nok/nok_01.map/shape.bin,areas/nok/nok_01.map/hit.bin,areas/nok/nok.tex,backgrounds/nok.bg.png,Koopa Village 1
nok_02,areas/nok/nok_02.map/shape.bin,areas/nok/nok_02.map/hit.bin,areas/nok/nok.tex,backgrounds/nok.bg.png,Koopa Village 2
nok_03,areas/nok/nok_03.map/shape.bin,areas/nok/nok_03.map/hit.bin,areas/nok/nok.tex,backgrounds/nok.bg.png,Behind Koopa Village
nok_04,areas/nok/nok_04.map/shape.bin,areas/nok/nok_04.map/hit.bin,areas/nok/nok.tex,backgrounds/nok.bg.png,Fuzzy Forest
nok_11,areas/nok/nok_11.map/shape.bin,areas/nok/nok_11.map/hit.bin,areas/nok/nok.tex,backgrounds/nok.bg.png,Pleasant Path Entry
nok_12,areas/nok/nok_12.map/shape.bin,areas/nok/nok_12.map/hit.bin,areas/nok/nok.tex,backgrounds/nok.bg.png,Pleasant Path Bridge
nok_13,areas/nok/nok_13.map/shape.bin,areas/nok/nok_13.map/hit.bin,areas/nok/nok.tex,backgrounds/nok.bg.png,Pleasant Crossroads
nok_14,areas/nok/nok_14.map/shape.bin,areas/nok/nok_14.map/hit.bin,areas/nok/nok.tex,backgrounds/nok.bg.png,Path to Fortress 1
nok_15,areas/nok/nok_15.map/shape.bin,areas/nok/nok_15.map/hit.bin,areas/nok/nok.tex,backgrounds/nok.bg.png,Path to Fortress 2
trd_00,areas/trd/trd_00.map/shape.bin,areas/trd/trd_00.map/hit.bin,areas/trd/trd.tex,backgrounds/nok.bg.png,Fortress Exterior
trd_01,areas/trd/trd_01.map/shape.bin,areas/trd/trd_01.map/hit.bin,areas/trd/trd.tex,none,Left Tower
trd_02,areas/trd/trd_02.map/shape.bin,areas/trd/trd_02.map/hit.bin,areas/trd/trd.tex,none,Left Stairway
trd_03,areas/trd/trd_03.map/shape.bin,areas/trd/trd_03.map/hit.bin,areas/trd/trd.tex,none,Central Hall
trd_04,areas/trd/trd_04.map/shape.bin,areas/trd/trd_04.map/hit.bin,areas/trd/trd.tex,none,Right Stairway
trd_05,areas/trd/trd_05.map/shape.bin,areas/trd/trd_05.map/hit.bin,areas/trd/trd.tex,none,Right Tower
trd_06,areas/trd/trd_06.map/shape.bin,areas/trd/trd_06.map/hit.bin,areas/trd/trd.tex,none,Jail
trd_07,areas/trd/trd_07.map/shape.bin,areas/trd/trd_07.map/hit.bin,areas/trd/trd.tex,none,Dungeon Trap
trd_08,areas/trd/trd_08.map/shape.bin,areas/trd/trd_08.map/hit.bin,areas/trd/trd.tex,none,Dungeon Fire Room
trd_09,areas/trd/trd_09.map/shape.bin,areas/trd/trd_09.map/hit.bin,areas/trd/trd.tex,backgrounds/nok.bg.png,Battlement
trd_10,areas/trd/trd_10.map/shape.bin,areas/trd/trd_10.map/hit.bin,areas/trd/trd.tex,none,Boss Battle Room
iwa_00,areas/iwa/iwa_00.map/shape.bin,areas/iwa/iwa_00.map/hit.bin,areas/iwa/iwa.tex,backgrounds/iwa.bg.png,Mt Rugged 1
iwa_01,areas/iwa/iwa_01.map/shape.bin,areas/iwa/iwa_01.map/hit.bin,areas/iwa/iwa.tex,backgrounds/iwa.bg.png,Mt Rugged 2
iwa_02,areas/iwa/iwa_02.map/shape.bin,areas/iwa/iwa_02.map/hit.bin,areas/iwa/iwa.tex,backgrounds/iwa.bg.png,Mt Rugged 3
iwa_03,areas/iwa/iwa_03.map/shape.bin,areas/iwa/iwa_03.map/hit.bin,areas/iwa/iwa.tex,backgrounds/iwa.bg.png,Mt Rugged 4
iwa_04,areas/iwa/iwa_04.map/shape.bin,areas/iwa/iwa_04.map/hit.bin,areas/iwa/iwa.tex,backgrounds/iwa.bg.png,Suspension Bridge
iwa_10,areas/iwa/iwa_10.map/shape.bin,areas/iwa/iwa_10.map/hit.bin,areas/iwa/iwa.tex,backgrounds/iwa.bg.png,Train Station
iwa_11,areas/iwa/iwa_11.map/shape.bin,areas/iwa/iwa_11.map/hit.bin,areas/iwa/iwa.tex,backgrounds/iwa.bg.png,Train Ride Scene
dro_01,areas/dro/dro_01.map/shape.bin,areas/dro/dro_01.map/hit.bin,areas/dro/dro.tex,backgrounds/sbk.bg.png,Outpost 1
dro_02,areas/dro/dro_02.map/shape.bin,areas/dro/dro_02.map/hit.bin,areas/dro/dro.tex,backgrounds/sbk.bg.png,Outpost 2
sbk_00,areas/sbk/sbk_00.map/shape.bin,areas/sbk/sbk_00.map/hit.bin,areas/sbk/sbk.tex,backgrounds/sbk.bg.png,N3W3
sbk_01,areas/sbk/sbk_01.map/shape.bin,areas/sbk/sbk_01.map/hit.bin,areas/sbk/sbk.tex,backgrounds/sbk.bg.png,N3W2
sbk_02,areas/sbk/sbk_02.map/shape.bin,areas/sbk/sbk_02.map/hit.bin,areas/sbk/sbk.tex,backgrounds/sbk.bg.png,N3W1 Ruins Entrance
sbk_03,areas/sbk/sbk_03.map/shape.bin,areas/sbk/sbk_03.map/hit.bin,areas/sbk/sbk.tex,backgrounds/sbk.bg.png,N3
sbk_04,areas/sbk/sbk_04.map/shape.bin,areas/sbk/sbk_04.map/hit.bin,areas/sbk/sbk.tex,backgrounds/sbk.bg.png,N3E1
sbk_05,areas/sbk/sbk_05.map/shape.bin,areas/sbk/sbk_05.map/hit.bin,areas/sbk/sbk.tex,backgrounds/sbk.bg.png,N3E2 Pokey Army
sbk_06,areas/sbk/sbk_06.map/shape.bin,areas/sbk/sbk_06.map/hit.bin,areas/sbk/sbk.tex,backgrounds/sbk.bg.png,N3E3
sbk_10,areas/sbk/sbk_10.map/shape.bin,areas/sbk/sbk_10.map/hit.bin,areas/sbk/sbk.tex,backgrounds/sbk.bg.png,N2W3
sbk_11,areas/sbk/sbk_11.map/shape.bin,areas/sbk/sbk_11.map/hit.bin,areas/sbk/sbk.tex,backgrounds/sbk.bg.png,N2W2
sbk_12,areas/sbk/sbk_12.map/shape.bin,areas/sbk/sbk_12.map/hit.bin,areas/sbk/sbk.tex,backgrounds/sbk.bg.png,N2W1
sbk_13,areas/sbk/sbk_13.map/shape.bin,areas/sbk/sbk_13.map/hit.bin,areas/sbk/sbk.tex,backgrounds/sbk.bg.png,N2
sbk_14,areas/sbk/sbk_14.map/shape.bin,areas/sbk/sbk_14.map/hit.bin,areas/sbk/sbk.tex,backgrounds/sbk.bg.png,N2E1 (Tweester A)
sbk_15,areas/sbk/sbk_15.map/shape.bin,areas/sbk/sbk_15.map/hit.bin,areas/sbk/sbk.tex,backgrounds/sbk.bg.png,N2E2
sbk_16,areas/sbk/sbk_16.map/shape.bin,areas/sbk/sbk_16.map/hit.bin,areas/sbk/sbk.tex,backgrounds/sbk.bg.png,N2E3
sbk_20,areas/sbk/sbk_20.map/shape.bin,areas/sbk/sbk_20.map/hit.bin,areas/sbk/sbk.tex,backgrounds/sbk.bg.png,N1W3 Special Block
sbk_21,areas/sbk/sbk_21.map/shape.bin,areas/sbk/sbk_21.map/hit.bin,areas/sbk/sbk.tex,backgrounds/sbk.bg.png,N1W2
sbk_22,areas/sbk/sbk_22.map/shape.bin,areas/sbk/sbk_22.map/hit.bin,areas/sbk/sbk.tex,backgrounds/sbk.bg.png,N1W1
sbk_23,areas/sbk/sbk_23.map/shape.bin,areas/sbk/sbk_23.map/hit.bin,areas/sbk/sbk.tex,backgrounds/sbk.bg.png,N1 (Tweester B)
sbk_24,areas/sbk/sbk_24.map/shape.bin,areas/sbk/sbk_24.map/hit.bin,areas/sbk/sbk.tex,backgrounds/sbk.bg.png,N1E1 Palm Trio
sbk_25,areas/sbk/sbk_25.map/shape.bin,areas/sbk/sbk_25.map/hit.bin,areas/sbk/sbk.tex,backgrounds/sbk.bg.png,N1E2
sbk_26,areas/sbk/sbk_26.map/shape.bin,areas/sbk/sbk_26.map/hit.bin,areas/sbk/sbk.tex,backgrounds/sbk.bg.png,N1E3
sbk_30,areas/sbk/sbk_30.map/shape.bin,areas/sbk/sbk_30.map/hit.bin,areas/sbk/sbk.tex,backgrounds/sbk.bg.png,W3 Kolorado's Camp
sbk_31,areas/sbk/sbk_31.map/shape.bin,areas/sbk/sbk_31.map/hit.bin,areas/sbk/sbk.tex,backgrounds/sbk.bg.png,W2
sbk_32,areas/sbk/sbk_32.map/shape.bin,areas/sbk/sbk_32.map/hit.bin,areas/sbk/sbk.tex,backgrounds/sbk.bg.png,W1
sbk_33,areas/sbk/sbk_33.map/shape.bin,areas/sbk/sbk_33.map/hit.bin,areas/sbk/sbk.tex,backgrounds/sbk.bg.png,Center (Tweester C)
sbk_34,areas/sbk/sbk_34.map/shape.bin,areas/sbk/sbk_34.map/hit.bin,areas/sbk/sbk.tex,backgrounds/sbk.bg.png,E1 Nomadimouse
sbk_35,areas/sbk/sbk_35.map/shape.bin,areas/sbk/sbk_35.map/hit.bin,areas/sbk/sbk.tex,backgrounds/sbk.bg.png,E2
sbk_36,areas/sbk/sbk_36.map/shape.bin,areas/sbk/sbk_36.map/hit.bin,areas/sbk/sbk.tex,backgrounds/sbk.bg.png,E3 Outside Outpost
sbk_40,areas/sbk/sbk_40.map/shape.bin,areas/sbk/sbk_40.map/hit.bin,areas/sbk/sbk.tex,backgrounds/sbk.bg.png,S1W3
sbk_41,areas/sbk/sbk_41.map/shape.bin,areas/sbk/sbk_41.map/hit.bin,areas/sbk/sbk.tex,backgrounds/sbk.bg.png,S1W2 (Tweester D)
sbk_42,areas/sbk/sbk_42.map/shape.bin,areas/sbk/sbk_42.map/hit.bin,areas/sbk/sbk.tex,backgrounds/sbk.bg.png,S1W1
sbk_43,areas/sbk/sbk_43.map/shape.bin,areas/sbk/sbk_43.map/hit.bin,areas/sbk/sbk.tex,backgrounds/sbk.bg.png,S1
sbk_44,areas/sbk/sbk_44.map/shape.bin,areas/sbk/sbk_44.map/hit.bin,areas/sbk/sbk.tex,backgrounds/sbk.bg.png,S1E1
sbk_45,areas/sbk/sbk_45.map/shape.bin,areas/sbk/sbk_45.map/hit.bin,areas/sbk/sbk.tex,backgrounds/sbk.bg.png,S1E2 Small Bluffs
sbk_46,areas/sbk/sbk_46.map/shape.bin,areas/sbk/sbk_46.map/hit.bin,areas/sbk/sbk.tex,backgrounds/sbk.bg.png,S1E3 North of Oasis
sbk_50,areas/sbk/sbk_50.map/shape.bin,areas/sbk/sbk_50.map/hit.bin,areas/sbk/sbk.tex,backgrounds/sbk.bg.png,S2W3
sbk_51,areas/sbk/sbk_51.map/shape.bin,areas/sbk/sbk_51.map/hit.bin,areas/sbk/sbk.tex,backgrounds/sbk.bg.png,S2W2
sbk_52,areas/sbk/sbk_52.map/shape.bin,areas/sbk/sbk_52.map/hit.bin,areas/sbk/sbk.tex,backgrounds/sbk.bg.png,S2W1
sbk_53,areas/sbk/sbk_53.map/shape.bin,areas/sbk/sbk_53.map/hit.bin,areas/sbk/sbk.tex,backgrounds/sbk.bg.png,S2
sbk_54,areas/sbk/sbk_54.map/shape.bin,areas/sbk/sbk_54.map/hit.bin,areas/sbk/sbk.tex,backgrounds/sbk.bg.png,S2E1 Blue Cactus
sbk_55,areas/sbk/sbk_55.map/shape.bin,areas/sbk/sbk_55.map/hit.bin,areas/sbk/sbk.tex,backgrounds/sbk.bg.png,S2E2 West of Oasis
sbk_56,areas/sbk/sbk_56.map/shape.bin,areas/sbk/sbk_56.map/hit.bin,areas/sbk/sbk.tex,backgrounds/sbk.bg.png,S2E3 Oasis
sbk_60,areas/sbk/sbk_60.map/shape.bin,areas/sbk/sbk_60.map/hit.bin,areas/sbk/sbk.tex,backgrounds/sbk.bg.png,S3W3
sbk_61,areas/sbk/sbk_61.map/shape.bin,areas/sbk/sbk_61.map/hit.bin,areas/sbk/sbk.tex,backgrounds/sbk.bg.png,S3W2 Hidden AttackFX
sbk_62,areas/sbk/sbk_62.map/shape.bin,areas/sbk/sbk_62.map/hit.bin,areas/sbk/sbk.tex,backgrounds/sbk.bg.png,S3W1
sbk_63,areas/sbk/sbk_63.map/shape.bin,areas/sbk/sbk_63.map/hit.bin,areas/sbk/sbk.tex,backgrounds/sbk.bg.png,S3
sbk_64,areas/sbk/sbk_64.map/shape.bin,areas/sbk/sbk_64.map/hit.bin,areas/sbk/sbk.tex,backgrounds/sbk.bg.png,S3E1
sbk_65,areas/sbk/sbk_65.map/shape.bin,areas/sbk/sbk_65.map/hit.bin,areas/sbk/sbk.tex,backgrounds/sbk.bg.png,S3E2
sbk_66,areas/sbk/sbk_66.map/shape.bin,areas/sbk/sbk_66.map/hit.bin,areas/sbk/sbk.tex,backgrounds/sbk.bg.png,S3E3 South of Oasis
sbk_99,areas/sbk/sbk_99.map/shape.bin,areas/sbk/sbk_99.map/hit.bin,areas/sbk/sbk.tex,backgrounds/sbk.bg.png,Entrance
isk_01,areas/isk/isk_01.map/shape.bin,areas/isk/isk_01.map/hit.bin,areas/isk/isk.tex,backgrounds/sbk3.bg.png,Entrance
isk_02,areas/isk/isk_02.map/shape.bin,areas/isk/isk_02.map/hit.bin,areas/isk/isk.tex,backgrounds/sbk3.bg.png,Sarcophagus Hall 1
isk_03,areas/isk/isk_03.map/shape.bin,areas/isk/isk_03.map/hit.bin,areas/isk/isk.tex,none,Sand Drainage Room 1
isk_04,areas/isk/isk_04.map/shape.bin,areas/isk/isk_04.map/hit.bin,areas/isk/isk.tex,backgrounds/sbk3.bg.png,Descending Stairs 1
isk_05,areas/isk/isk_05.map/shape.bin,areas/isk/isk_05.map/hit.bin,areas/isk/isk.tex,none,Pyramid Stone Room
isk_06,areas/isk/isk_06.map/shape.bin,areas/isk/isk_06.map/hit.bin,areas/isk/isk.tex,none,Sand Drainage Room 2
isk_07,areas/isk/isk_07.map/shape.bin,areas/isk/isk_07.map/hit.bin,areas/isk/isk.tex,none,Sarcophagus Hall 2
isk_08,areas/isk/isk_08.map/shape.bin,areas/isk/isk_08.map/hit.bin,areas/isk/isk.tex,none,Descending Stairs 2
isk_09,areas/isk/isk_09.map/shape.bin,areas/isk/isk_09.map/hit.bin,areas/isk/isk.tex,none,Super Hammer Room
isk_10,areas/isk/isk_10.map/shape.bin,areas/isk/isk_10.map/hit.bin,areas/isk/isk.tex,none,Vertical Shaft
isk_11,areas/isk/isk_11.map/shape.bin,areas/isk/isk_11.map/hit.bin,areas/isk/isk.tex,none,Stone Puzzle Room
isk_12,areas/isk/isk_12.map/shape.bin,areas/isk/isk_12.map/hit.bin,areas/isk/isk.tex,none,Sand Drainage Room 3
isk_13,areas/isk/isk_13.map/shape.bin,areas/isk/isk_13.map/hit.bin,areas/isk/isk.tex,none,Lunar Stone Room
isk_14,areas/isk/isk_14.map/shape.bin,areas/isk/isk_14.map/hit.bin,areas/isk/isk.tex,none,Diamond Stone Room
isk_16,areas/isk/isk_16.map/shape.bin,areas/isk/isk_16.map/hit.bin,areas/isk/isk.tex,none,Tutankoopa Room
isk_18,areas/isk/isk_18.map/shape.bin,areas/isk/isk_18.map/hit.bin,areas/isk/isk.tex,none,Deep Tunnel
isk_19,areas/isk/isk_19.map/shape.bin,areas/isk/isk_19.map/hit.bin,areas/isk/isk.tex,none,Boss Antechamber
mim_01,areas/mim/mim_01.map/shape.bin,areas/mim/mim_01.map/hit.bin,areas/mim/mim.tex,backgrounds/obk.bg.png,Flower Sounds
mim_02,areas/mim/mim_02.map/shape.bin,areas/mim/mim_02.map/hit.bin,areas/mim/mim.tex,backgrounds/obk.bg.png,Stump Eyes
mim_03,areas/mim/mim_03.map/shape.bin,areas/mim/mim_03.map/hit.bin,areas/mim/mim.tex,backgrounds/obk.bg.png,Flowers (Oaklie)
mim_04,areas/mim/mim_04.map/shape.bin,areas/mim/mim_04.map/hit.bin,areas/mim/mim.tex,backgrounds/obk.bg.png,Tree Face (Bub-ulb)
mim_05,areas/mim/mim_05.map/shape.bin,areas/mim/mim_05.map/hit.bin,areas/mim/mim.tex,backgrounds/obk.bg.png,Mushrooms (Path Splits)
mim_06,areas/mim/mim_06.map/shape.bin,areas/mim/mim_06.map/hit.bin,areas/mim/mim.tex,backgrounds/obk.bg.png,Flowers Vanish
mim_07,areas/mim/mim_07.map/shape.bin,areas/mim/mim_07.map/hit.bin,areas/mim/mim.tex,backgrounds/obk.bg.png,Laughing Rock
mim_08,areas/mim/mim_08.map/shape.bin,areas/mim/mim_08.map/hit.bin,areas/mim/mim.tex,backgrounds/obk.bg.png,Bee Hive (HP Plus)
mim_09,areas/mim/mim_09.map/shape.bin,areas/mim/mim_09.map/hit.bin,areas/mim/mim.tex,backgrounds/obk.bg.png,Flowers Appear (FP Plus)
mim_10,areas/mim/mim_10.map/shape.bin,areas/mim/mim_10.map/hit.bin,areas/mim/mim.tex,backgrounds/nok.bg.png,Exit to Toad Town
mim_11,areas/mim/mim_11.map/shape.bin,areas/mim/mim_11.map/hit.bin,areas/mim/mim.tex,backgrounds/obk.bg.png,Outside Boo's Mansion
mim_12,areas/mim/mim_12.map/shape.bin,areas/mim/mim_12.map/hit.bin,areas/mim/mim.tex,backgrounds/arn.bg.png,Exit to Gusty Gulch
obk_01,areas/obk/obk_01.map/shape.bin,areas/obk/obk_01.map/hit.bin,areas/obk/obk.tex,none,Foyer
obk_02,areas/obk/obk_02.map/shape.bin,areas/obk/obk_02.map/hit.bin,areas/obk/obk.tex,backgrounds/obk.bg.png,Basement Stairs
obk_03,areas/obk/obk_03.map/shape.bin,areas/obk/obk_03.map/hit.bin,areas/obk/obk.tex,none,Basement
obk_04,areas/obk/obk_04.map/shape.bin,areas/obk/obk_04.map/hit.bin,areas/obk/obk.tex,none,Super Boots Room
obk_05,areas/obk/obk_05.map/shape.bin,areas/obk/obk_05.map/hit.bin,areas/obk/obk.tex,backgrounds/obk.bg.png,Pot Room
obk_06,areas/obk/obk_06.map/shape.bin,areas/obk/obk_06.map/hit.bin,areas/obk/obk.tex,none,Library
obk_07,areas/obk/obk_07.map/shape.bin,areas/obk/obk_07.map/hit.bin,areas/obk/obk.tex,backgrounds/obk.bg.png,Record Player Room
obk_08,areas/obk/obk_08.map/shape.bin,areas/obk/obk_08.map/hit.bin,areas/obk/obk.tex,backgrounds/obk.bg.png,Record Room
obk_09,areas/obk/obk_09.map/shape.bin,areas/obk/obk_09.map/hit.bin,areas/obk/obk.tex,none,Lady Bow's Room
arn_02,areas/arn/arn_02.map/shape.bin,areas/arn/arn_02.map/hit.bin,areas/arn/arn.tex,backgrounds/arn.bg.png,Wasteland Ascent 1
arn_03,areas/arn/arn_03.map/shape.bin,areas/arn/arn_03.map/hit.bin,areas/arn/arn.tex,backgrounds/arn.bg.png,Ghost Town 1
arn_04,areas/arn/arn_04.map/shape.bin,areas/arn/arn_04.map/hit.bin,areas/arn/arn.tex,backgrounds/arn.bg.png,Wasteland Ascent 2
arn_05,areas/arn/arn_05.map/shape.bin,areas/arn/arn_05.map/hit.bin,areas/arn/arn.tex,backgrounds/arn.bg.png,Ghost Town 2
arn_07,areas/arn/arn_07.map/shape.bin,areas/arn/arn_07.map/hit.bin,areas/arn/arn.tex,backgrounds/arn.bg.png,Windmill Exterior
arn_08,areas/arn/arn_08.map/shape.bin,areas/arn/arn_08.map/hit.bin,areas/arn/arn.tex,none,Windmill Interior
arn_09,areas/arn/arn_09.map/shape.bin,areas/arn/arn_09.map/hit.bin,areas/arn/arn.tex,none,Windmill Tunnel Entry
arn_10,areas/arn/arn_10.map/shape.bin,areas/arn/arn_10.map/hit.bin,areas/arn/arn.tex,none,Tunnel 1
arn_11,areas/arn/arn_11.map/shape.bin,areas/arn/arn_11.map/hit.bin,areas/arn/arn.tex,none,Tubba's Heart Chamber
arn_12,areas/arn/arn_12.map/shape.bin,areas/arn/arn_12.map/hit.bin,areas/arn/arn.tex,none,Tunnel 2
arn_13,areas/arn/arn_13.map/shape.bin,areas/arn/arn_13.map/hit.bin,areas/arn/arn.tex,none,Tunnel 3
arn_20,areas/arn/arn_20.map/shape.bin,areas/arn/arn_20.map/hit.bin,areas/arn/arn.tex,none,Tubba's Manor Exterior
dgb_00,areas/arn/arn_20.map/shape.bin,areas/arn/arn_20.map/hit.bin,areas/arn/arn.tex,backgrounds/arn.bg.png,Escape Scene
dgb_01,areas/dgb/dgb_01.map/shape.bin,areas/dgb/dgb_01.map/hit.bin,areas/dgb/dgb.tex,none,Great Hall
dgb_02,areas/dgb/dgb_02.map/shape.bin,areas/dgb/dgb_02.map/hit.bin,areas/dgb/dgb.tex,none,West Hall (1F)
dgb_03,areas/dgb/dgb_03.map/shape.bin,areas/dgb/dgb_03.map/hit.bin,areas/dgb/dgb.tex,none,Table/Clock Room (1/2F)
dgb_04,areas/dgb/dgb_04.map/shape.bin,areas/dgb/dgb_04.map/hit.bin,areas/dgb/dgb.tex,none,Stairs to Basement
dgb_05,areas/dgb/dgb_05.map/shape.bin,areas/dgb/dgb_05.map/hit.bin,areas/dgb/dgb.tex,none,Stairs Above Basement
dgb_06,areas/dgb/dgb_06.map/shape.bin,areas/dgb/dgb_06.map/hit.bin,areas/dgb/dgb.tex,none,Basement
dgb_07,areas/dgb/dgb_07.map/shape.bin,areas/dgb/dgb_07.map/hit.bin,areas/dgb/dgb.tex,none,Study (1F)
dgb_08,areas/dgb/dgb_08.map/shape.bin,areas/dgb/dgb_08.map/hit.bin,areas/dgb/dgb.tex,none,East Hall (1/2F)
dgb_09,areas/dgb/dgb_09.map/shape.bin,areas/dgb/dgb_09.map/hit.bin,areas/dgb/dgb.tex,none,West Hall (2F)
dgb_10,areas/dgb/dgb_10.map/shape.bin,areas/dgb/dgb_10.map/hit.bin,areas/dgb/dgb.tex,none,Sealed Room (2F)
dgb_11,areas/dgb/dgb_11.map/shape.bin,areas/dgb/dgb_11.map/hit.bin,areas/dgb/dgb.tex,none,Covered Tables Room (1F)
dgb_12,areas/dgb/dgb_12.map/shape.bin,areas/dgb/dgb_12.map/hit.bin,areas/dgb/dgb.tex,none,Spike Trap Room (2F)
dgb_13,areas/dgb/dgb_13.map/shape.bin,areas/dgb/dgb_13.map/hit.bin,areas/dgb/dgb.tex,none,Hidden Bedroom (2F)
dgb_14,areas/dgb/dgb_14.map/shape.bin,areas/dgb/dgb_14.map/hit.bin,areas/dgb/dgb.tex,none,Stairs to Third Floor
dgb_15,areas/dgb/dgb_15.map/shape.bin,areas/dgb/dgb_15.map/hit.bin,areas/dgb/dgb.tex,none,West Hall (3F)
dgb_16,areas/dgb/dgb_16.map/shape.bin,areas/dgb/dgb_16.map/hit.bin,areas/dgb/dgb.tex,none,Sleeping Clubbas Room (3F)
dgb_17,areas/dgb/dgb_17.map/shape.bin,areas/dgb/dgb_17.map/hit.bin,areas/dgb/dgb.tex,none,Save Room (3F)
dgb_18,areas/dgb/dgb_18.map/shape.bin,areas/dgb/dgb_18.map/hit.bin,areas/dgb/dgb.tex,none,Master Bedroom (3F)
omo_01,areas/omo/omo_01.map/shape.bin,areas/omo/omo_01.map/hit.bin,areas/omo/omo.tex,backgrounds/omo.bg.png,BLU Large Playroom
omo_02,areas/omo/omo_02.map/shape.bin,areas/omo/omo_02.map/hit.bin,areas/omo/omo.tex,backgrounds/omo.bg.png,RED Boss Barricade
omo_03,areas/omo/omo_03.map/shape.bin,areas/omo/omo_03.map/hit.bin,areas/omo/omo.tex,backgrounds/omo.bg.png,BLU Station
omo_04,areas/omo/omo_04.map/shape.bin,areas/omo/omo_04.map/hit.bin,areas/omo/omo.tex,backgrounds/omo.bg.png,BLU Block City
omo_05,areas/omo/omo_05.map/shape.bin,areas/omo/omo_05.map/hit.bin,areas/omo/omo.tex,backgrounds/omo.bg.png,PNK Gourmet Guy Crossing
omo_06,areas/omo/omo_06.map/shape.bin,areas/omo/omo_06.map/hit.bin,areas/omo/omo.tex,backgrounds/omo.bg.png,PNK Station
omo_07,areas/omo/omo_07.map/shape.bin,areas/omo/omo_07.map/hit.bin,areas/omo/omo.tex,backgrounds/omo.bg.png,PNK Playhouse
omo_08,areas/omo/omo_08.map/shape.bin,areas/omo/omo_08.map/hit.bin,areas/omo/omo.tex,backgrounds/omo.bg.png,GRN Station
omo_09,areas/omo/omo_09.map/shape.bin,areas/omo/omo_09.map/hit.bin,areas/omo/omo.tex,backgrounds/omo.bg.png,GRN Treadmills/Slot Machine
omo_10,areas/omo/omo_10.map/shape.bin,areas/omo/omo_10.map/hit.bin,areas/omo/omo.tex,backgrounds/omo.bg.png,RED Station
omo_11,areas/omo/omo_11.map/shape.bin,areas/omo/omo_11.map/hit.bin,areas/omo/omo.tex,backgrounds/omo.bg.png,RED Moving Platforms
omo_12,areas/omo/omo_12.map/shape.bin,areas/omo/omo_12.map/hit.bin,areas/omo/omo.tex,none,RED Lantern Ghost
omo_13,areas/omo/omo_13.map/shape.bin,areas/omo/omo_13.map/hit.bin,areas/omo/omo.tex,backgrounds/omo.bg.png,BLU Anti-Guy Hall
omo_14,areas/omo/omo_14.map/shape.bin,areas/omo/omo_14.map/hit.bin,areas/omo/omo.tex,none,RED Boss Antechamber
omo_15,areas/omo/omo_15.map/shape.bin,areas/omo/omo_15.map/hit.bin,areas/omo/omo.tex,backgrounds/omo.bg.png,RED General Guy Room
omo_16,areas/omo/omo_16.map/shape.bin,areas/omo/omo_16.map/hit.bin,areas/omo/omo.tex,backgrounds/omo.bg.png,Riding the Train
omo_17,areas/omo/omo_17.map/shape.bin,areas/omo/omo_17.map/hit.bin,areas/omo/omo.tex,backgrounds/omo.bg.png,PNK Tracks Hallway
jan_00,areas/jan/jan_00.map/shape.bin,areas/jan/jan_00.map/hit.bin,areas/jan/jan.tex,backgrounds/yos.bg.png,Whale Cove
jan_01,areas/jan/jan_01.map/shape.bin,areas/jan/jan_01.map/hit.bin,areas/jan/jan.tex,backgrounds/yos.bg.png,Beach
jan_02,areas/jan/jan_02.map/shape.bin,areas/jan/jan_02.map/hit.bin,areas/jan/jan.tex,backgrounds/yos.bg.png,Village Cove
jan_03,areas/jan/jan_03.map/shape.bin,areas/jan/jan_03.map/hit.bin,areas/jan/jan.tex,backgrounds/yos.bg.png,Village Buildings
jan_04,areas/jan/jan_04.map/shape.bin,areas/jan/jan_04.map/hit.bin,areas/jan/jan.tex,backgrounds/yos.bg.png,Sushi Tree
jan_05,areas/jan/jan_05.map/shape.bin,areas/jan/jan_05.map/hit.bin,areas/jan/jan.tex,backgrounds/yos.bg.png,SE Jungle (Quake Hammer)
jan_06,areas/jan/jan_06.map/shape.bin,areas/jan/jan_06.map/hit.bin,areas/jan/jan.tex,backgrounds/jan.bg.png,NE Jungle (Raven Statue)
jan_07,areas/jan/jan_07.map/shape.bin,areas/jan/jan_07.map/hit.bin,areas/jan/jan.tex,backgrounds/yos.bg.png,Small Jungle Ledge
jan_08,areas/jan/jan_08.map/shape.bin,areas/jan/jan_08.map/hit.bin,areas/jan/jan.tex,backgrounds/yos.bg.png,SW Jungle (Super Block)
jan_09,areas/jan/jan_09.map/shape.bin,areas/jan/jan_09.map/hit.bin,areas/jan/jan.tex,backgrounds/yos.bg.png,NW Jungle (Large Ledge)
jan_10,areas/jan/jan_10.map/shape.bin,areas/jan/jan_10.map/hit.bin,areas/jan/jan.tex,backgrounds/yos.bg.png,Western Dead End
jan_11,areas/jan/jan_11.map/shape.bin,areas/jan/jan_11.map/hit.bin,areas/jan/jan.tex,backgrounds/jan.bg.png,Root Cavern
jan_12,areas/jan/jan_12.map/shape.bin,areas/jan/jan_12.map/hit.bin,areas/jan/jan.tex,backgrounds/jan.bg.png,Deep Jungle 1
jan_13,areas/jan/jan_13.map/shape.bin,areas/jan/jan_13.map/hit.bin,areas/jan/jan.tex,backgrounds/jan.bg.png,Deep Jungle 2 (Block Puzzle)
jan_14,areas/jan/jan_14.map/shape.bin,areas/jan/jan_14.map/hit.bin,areas/jan/jan.tex,backgrounds/jan.bg.png,Deep Jungle 3
jan_15,areas/jan/jan_15.map/shape.bin,areas/jan/jan_15.map/hit.bin,areas/jan/jan.tex,backgrounds/jan.bg.png,Deep Jungle 4 (Ambush)
jan_16,areas/jan/jan_16.map/shape.bin,areas/jan/jan_16.map/hit.bin,areas/jan/jan.tex,backgrounds/jan.bg.png,Base of Great Tree
jan_17,areas/jan/jan_17.map/shape.bin,areas/jan/jan_17.map/hit.bin,areas/jan/jan.tex,backgrounds/jan.bg.png,Lower Great Tree Interior
jan_18,areas/jan/jan_18.map/shape.bin,areas/jan/jan_18.map/hit.bin,areas/jan/jan.tex,backgrounds/yos.bg.png,Great Tree Vine Ascent
jan_19,areas/jan/jan_19.map/shape.bin,areas/jan/jan_19.map/hit.bin,areas/jan/jan.tex,backgrounds/jan.bg.png,Upper Great Tree Interior
jan_22,areas/jan/jan_22.map/shape.bin,areas/jan/jan_22.map/hit.bin,areas/jan/jan.tex,backgrounds/jan.bg.png,Path to the Volcano
jan_23,areas/jan/jan_23.map/shape.bin,areas/jan/jan_23.map/hit.bin,areas/jan/jan.tex,backgrounds/yos.bg.png,Great Treetop Roost
kzn_01,areas/kzn/kzn_01.map/shape.bin,areas/kzn/kzn_01.map/hit.bin,areas/kzn/kzn.tex,none,Volcano Entrance
kzn_02,areas/kzn/kzn_02.map/shape.bin,areas/kzn/kzn_02.map/hit.bin,areas/kzn/kzn.tex,none,First Lava Lake
kzn_03,areas/kzn/kzn_03.map/shape.bin,areas/kzn/kzn_03.map/hit.bin,areas/kzn/kzn.tex,none,Central Cavern
kzn_04,areas/kzn/kzn_04.map/shape.bin,areas/kzn/kzn_04.map/hit.bin,areas/kzn/kzn.tex,none,Fire Bar Bridge
kzn_05,areas/kzn/kzn_05.map/shape.bin,areas/kzn/kzn_05.map/hit.bin,areas/kzn/kzn.tex,none,Descent Toward Ultra Hammer
kzn_06,areas/kzn/kzn_06.map/shape.bin,areas/kzn/kzn_06.map/hit.bin,areas/kzn/kzn.tex,none,Flowing Lava Puzzle
kzn_07,areas/kzn/kzn_07.map/shape.bin,areas/kzn/kzn_07.map/hit.bin,areas/kzn/kzn.tex,none,Ultra Hammer Room
kzn_08,areas/kzn/kzn_08.map/shape.bin,areas/kzn/kzn_08.map/hit.bin,areas/kzn/kzn.tex,none,Dizzy Stomp Room
kzn_09,areas/kzn/kzn_09.map/shape.bin,areas/kzn/kzn_09.map/hit.bin,areas/kzn/kzn.tex,none,Zipline Cavern
kzn_10,areas/kzn/kzn_10.map/shape.bin,areas/kzn/kzn_10.map/hit.bin,areas/kzn/kzn.tex,none,Descent Toward Boss
kzn_11,areas/kzn/kzn_11.map/shape.bin,areas/kzn/kzn_11.map/hit.bin,areas/kzn/kzn.tex,none,Second Lava Lake
kzn_17,areas/kzn/kzn_17.map/shape.bin,areas/kzn/kzn_17.map/hit.bin,areas/kzn/kzn.tex,none,Spike Roller Trap
kzn_18,areas/kzn/kzn_18.map/shape.bin,areas/kzn/kzn_18.map/hit.bin,areas/kzn/kzn.tex,none,Boss Antechamber
kzn_19,areas/kzn/kzn_19.map/shape.bin,areas/kzn/kzn_19.map/hit.bin,areas/kzn/kzn.tex,none,Boss Room
kzn_20,areas/kzn/kzn_20.map/shape.bin,areas/kzn/kzn_20.map/hit.bin,areas/kzn/kzn.tex,none,Rising Lava 1
kzn_22,areas/kzn/kzn_22.map/shape.bin,areas/kzn/kzn_22.map/hit.bin,areas/kzn/kzn.tex,none,Rising Lava 2
kzn_23,areas/kzn/kzn_23.map/shape.bin,areas/kzn/kzn_23.map/hit.bin,areas/kzn/kzn.tex,backgrounds/yos.bg.png,Volcano Escape
flo_00,areas/flo/flo_00.map/shape.bin,areas/flo/flo_00.map/hit.bin,areas/flo/flo.tex,backgrounds/fla.bg.png,Center
flo_03,areas/flo/flo_03.map/shape.bin,areas/flo/flo_03.map/hit.bin,areas/flo/flo.tex,backgrounds/fla.bg.png,(East) Petunia's Field
flo_07,areas/flo/flo_07.map/shape.bin,areas/flo/flo_07.map/hit.bin,areas/flo/flo.tex,backgrounds/fla.bg.png,(SW) Posie and Crystal Tree
flo_08,areas/flo/flo_08.map/shape.bin,areas/flo/flo_08.map/hit.bin,areas/flo/flo.tex,backgrounds/fla.bg.png,(SE) Briar Platforming
flo_09,areas/flo/flo_09.map/shape.bin,areas/flo/flo_09.map/hit.bin,areas/flo/flo.tex,backgrounds/fla.bg.png,(East) Triple Tree Path
flo_10,areas/flo/flo_10.map/shape.bin,areas/flo/flo_10.map/hit.bin,areas/flo/flo.tex,backgrounds/fla.bg.png,(SE) Lily's Fountain
flo_11,areas/flo/flo_11.map/shape.bin,areas/flo/flo_11.map/hit.bin,areas/flo/flo.tex,backgrounds/fla.bg.png,(West) Maze
flo_12,areas/flo/flo_12.map/shape.bin,areas/flo/flo_12.map/hit.bin,areas/flo/flo.tex,backgrounds/fla.bg.png,(West) Rosie's Trellis
flo_13,areas/flo/flo_13.map/shape.bin,areas/flo/flo_13.map/hit.bin,areas/flo/flo.tex,backgrounds/fla.bg.png,(NW) Lakilester
flo_14,areas/flo/flo_14.map/shape.bin,areas/flo/flo_14.map/hit.bin,areas/flo/flo.tex,backgrounds/fla.bg.png,(NW) Bubble Flower
flo_15,areas/flo/flo_15.map/shape.bin,areas/flo/flo_15.map/hit.bin,areas/flo/flo.tex,backgrounds/fla.bg.png,(NW) Sun Tower
flo_16,areas/flo/flo_16.map/shape.bin,areas/flo/flo_16.map/hit.bin,areas/flo/flo.tex,backgrounds/fla.bg.png,(NE) Elevators
flo_17,areas/flo/flo_17.map/shape.bin,areas/flo/flo_17.map/hit.bin,areas/flo/flo.tex,backgrounds/fla.bg.png,(NE) Fallen Logs
flo_18,areas/flo/flo_18.map/shape.bin,areas/flo/flo_18.map/hit.bin,areas/flo/flo.tex,backgrounds/fla.bg.png,(NE) Puff Puff Machine
flo_19,areas/flo/flo_19.map/shape.bin,areas/flo/flo_19.map/hit.bin,areas/flo/flo.tex,backgrounds/sra.bg.png,Cloudy Climb
flo_21,areas/flo/flo_21.map/shape.bin,areas/flo/flo_21.map/hit.bin,areas/flo/flo.tex,backgrounds/sra.bg.png,Huff N Puff Room
flo_22,areas/flo/flo_22.map/shape.bin,areas/flo/flo_22.map/hit.bin,areas/flo/flo.tex,backgrounds/fla.bg.png,(East) Old Well
flo_23,areas/flo/flo_23.map/shape.bin,areas/flo/flo_23.map/hit.bin,areas/flo/flo.tex,backgrounds/fla.bg.png,(West) Path to Maze
flo_24,areas/flo/flo_24.map/shape.bin,areas/flo/flo_24.map/hit.bin,areas/flo/flo.tex,backgrounds/fla.bg.png,(SE) Water Level Room
flo_25,areas/flo/flo_25.map/shape.bin,areas/flo/flo_25.map/hit.bin,areas/flo/flo.tex,backgrounds/fla.bg.png,(SW) Path to Crystal Tree
sam_01,areas/sam/sam_01.map/shape.bin,areas/sam/sam_01.map/hit.bin,areas/sam/sam.tex,backgrounds/yki.bg.png,Shiver City Mayor Area
sam_02,areas/sam/sam_02.map/shape.bin,areas/sam/sam_02.map/hit.bin,areas/sam/sam.tex,backgrounds/yki.bg.png,Shiver City Center
sam_03,areas/sam/sam_03.map/shape.bin,areas/sam/sam_03.map/hit.bin,areas/sam/sam.tex,backgrounds/yki.bg.png,Road to Shiver Snowfield
sam_04,areas/sam/sam_04.map/shape.bin,areas/sam/sam_04.map/hit.bin,areas/sam/sam.tex,backgrounds/yki.bg.png,Shiver Snowfield
sam_05,areas/sam/sam_05.map/shape.bin,areas/sam/sam_05.map/hit.bin,areas/sam/sam.tex,backgrounds/sam.bg.png,Path to Starborn Valley
sam_06,areas/sam/sam_06.map/shape.bin,areas/sam/sam_06.map/hit.bin,areas/sam/sam.tex,backgrounds/sam.bg.png,Starborn Valley
sam_07,areas/sam/sam_07.map/shape.bin,areas/sam/sam_07.map/hit.bin,areas/sam/sam.tex,backgrounds/yki.bg.png,Shiver Mountain Passage
sam_08,areas/sam/sam_08.map/shape.bin,areas/sam/sam_08.map/hit.bin,areas/sam/sam.tex,backgrounds/yki.bg.png,Shiver Mountain Hills
sam_09,areas/sam/sam_09.map/shape.bin,areas/sam/sam_09.map/hit.bin,areas/sam/sam.tex,backgrounds/yki.bg.png,Shiver Mountain Tunnel
sam_10,areas/sam/sam_10.map/shape.bin,areas/sam/sam_10.map/hit.bin,areas/sam/sam.tex,backgrounds/yki.bg.png,Shiver Mountain Peaks
sam_11,areas/sam/sam_11.map/shape.bin,areas/sam/sam_11.map/hit.bin,areas/sam/sam.tex,backgrounds/yki.bg.png,Shiver City Pond Area
sam_12,areas/sam/sam_12.map/shape.bin,areas/sam/sam_12.map/hit.bin,areas/sam/sam.tex,backgrounds/yki.bg.png,Merlar's Sanctuary
pra_01,areas/pra/pra_01.map/shape.bin,areas/pra/pra_01.map/hit.bin,areas/pra/pra.tex,backgrounds/yki.bg.png,Entrance
pra_02,areas/pra/pra_02.map/shape.bin,areas/pra/pra_02.map/hit.bin,areas/pra/pra.tex,none,Entry Hall
pra_03,areas/pra/pra_03.map/shape.bin,areas/pra/pra_03.map/hit.bin,areas/pra/pra.tex,none,Save Room
pra_04,areas/pra/pra_04.map/shape.bin,areas/pra/pra_04.map/hit.bin,areas/pra/pra.tex,none,Reflected Save Room
pra_05,areas/pra/pra_05.map/shape.bin,areas/pra/pra_05.map/hit.bin,areas/pra/pra.tex,none,Blue Key Room
pra_06,areas/pra/pra_05.map/shape.bin,areas/pra/pra_05.map/hit.bin,areas/pra/pra.tex,none,Shooting Star Room
pra_09,areas/pra/pra_09.map/shape.bin,areas/pra/pra_09.map/hit.bin,areas/pra/pra.tex,none,Red Key Hall
pra_10,areas/pra/pra_10.map/shape.bin,areas/pra/pra_10.map/hit.bin,areas/pra/pra.tex,none,P-Down D-Up Hall
pra_11,areas/pra/pra_11.map/shape.bin,areas/pra/pra_11.map/hit.bin,areas/pra/pra.tex,none,Red Key Room
pra_12,areas/pra/pra_05.map/shape.bin,areas/pra/pra_05.map/hit.bin,areas/pra/pra.tex,none,P-Down D-Up Room
pra_13,areas/pra/pra_13.map/shape.bin,areas/pra/pra_13.map/hit.bin,areas/pra/pra.tex,none,Blue Mirror Hall 1
pra_14,areas/pra/pra_14.map/shape.bin,areas/pra/pra_14.map/hit.bin,areas/pra/pra.tex,none,Blue Mirror Hall 2
pra_15,areas/pra/pra_15.map/shape.bin,areas/pra/pra_15.map/hit.bin,areas/pra/pra.tex,backgrounds/yki.bg.png,Star Piece Cave
pra_16,areas/pra/pra_16.map/shape.bin,areas/pra/pra_16.map/hit.bin,areas/pra/pra.tex,none,Red Mirror Hall
pra_18,areas/pra/pra_18.map/shape.bin,areas/pra/pra_18.map/hit.bin,areas/pra/pra.tex,none,Bridge Mirror Hall
pra_19,areas/pra/pra_19.map/shape.bin,areas/pra/pra_19.map/hit.bin,areas/pra/pra.tex,none,Reflection Mimic Room
pra_20,areas/pra/pra_20.map/shape.bin,areas/pra/pra_20.map/hit.bin,areas/pra/pra.tex,none,Mirrored Door Room
pra_21,areas/pra/pra_21.map/shape.bin,areas/pra/pra_21.map/hit.bin,areas/pra/pra.tex,none,Huge Statue Room
pra_22,areas/pra/pra_22.map/shape.bin,areas/pra/pra_22.map/hit.bin,areas/pra/pra.tex,none,Small Statue Room
pra_27,areas/pra/pra_05.map/shape.bin,areas/pra/pra_05.map/hit.bin,areas/pra/pra.tex,none,Palace Key Room
pra_28,areas/pra/pra_05.map/shape.bin,areas/pra/pra_05.map/hit.bin,areas/pra/pra.tex,none,P-Up D-Down Room
pra_29,areas/pra/pra_29.map/shape.bin,areas/pra/pra_29.map/hit.bin,areas/pra/pra.tex,none,Hidden Bridge Room
pra_31,areas/pra/pra_31.map/shape.bin,areas/pra/pra_31.map/hit.bin,areas/pra/pra.tex,none,Dino Puzzle Room
pra_32,areas/pra/pra_32.map/shape.bin,areas/pra/pra_32.map/hit.bin,areas/pra/pra.tex,backgrounds/sam.bg.png,Crystal Summit
pra_33,areas/pra/pra_33.map/shape.bin,areas/pra/pra_33.map/hit.bin,areas/pra/pra.tex,none,Turnstyle Room
pra_34,areas/pra/pra_34.map/shape.bin,areas/pra/pra_34.map/hit.bin,areas/pra/pra.tex,none,Mirror Hole Room
pra_35,areas/pra/pra_35.map/shape.bin,areas/pra/pra_35.map/hit.bin,areas/pra/pra.tex,none,Triple Dip Room
pra_36,areas/pra/pra_10.map/shape.bin,areas/pra/pra_10.map/hit.bin,areas/pra/pra.tex,none,Palace Key Hall
pra_37,areas/pra/pra_10.map/shape.bin,areas/pra/pra_10.map/hit.bin,areas/pra/pra.tex,none,P-Up D-Down Hall
pra_38,areas/pra/pra_10.map/shape.bin,areas/pra/pra_10.map/hit.bin,areas/pra/pra.tex,none,Blue Key Hall
pra_39,areas/pra/pra_10.map/shape.bin,areas/pra/pra_10.map/hit.bin,areas/pra/pra.tex,none,Shooting Star Hall
pra_40,areas/pra/pra_40.map/shape.bin,areas/pra/pra_40.map/hit.bin,areas/pra/pra.tex,none,Boss Antechamber
kpa_01,areas/kpa/kpa_01.map/shape.bin,areas/kpa/kpa_01.map/hit.bin,areas/kpa/kpa.tex,none,Dark Cave 1
kpa_03,areas/kpa/kpa_03.map/shape.bin,areas/kpa/kpa_03.map/hit.bin,areas/kpa/kpa.tex,none,Dark Cave 2
kpa_04,areas/kpa/kpa_04.map/shape.bin,areas/kpa/kpa_04.map/hit.bin,areas/kpa/kpa.tex,none,Cave Exit
kpa_08,areas/kpa/kpa_08.map/shape.bin,areas/kpa/kpa_08.map/hit.bin,areas/kpa/kpa.tex,none,Castle Key Timing Puzzle
kpa_09,areas/kpa/kpa_09.map/shape.bin,areas/kpa/kpa_09.map/hit.bin,areas/kpa/kpa.tex,none,Ultra Shroom Timing Puzzle
kpa_10,areas/kpa/kpa_10.map/shape.bin,areas/kpa/kpa_10.map/hit.bin,areas/kpa/kpa.tex,none,Outside Lower Jail (No Lava)
kpa_11,areas/kpa/kpa_11.map/shape.bin,areas/kpa/kpa_11.map/hit.bin,areas/kpa/kpa.tex,none,Outside Lower Jail (Lava)
kpa_12,areas/kpa/kpa_12.map/shape.bin,areas/kpa/kpa_12.map/hit.bin,areas/kpa/kpa.tex,none,Lava Channel 1
kpa_13,areas/kpa/kpa_13.map/shape.bin,areas/kpa/kpa_13.map/hit.bin,areas/kpa/kpa.tex,none,Lava Channel 2
kpa_14,areas/kpa/kpa_14.map/shape.bin,areas/kpa/kpa_14.map/hit.bin,areas/kpa/kpa.tex,none,Lava Channel 3
kpa_15,areas/kpa/kpa_15.map/shape.bin,areas/kpa/kpa_15.map/hit.bin,areas/kpa/kpa.tex,none,Lava Key Room
kpa_16,areas/kpa/kpa_16.map/shape.bin,areas/kpa/kpa_16.map/hit.bin,areas/kpa/kpa.tex,none,Lava Control Room
kpa_17,areas/kpa/kpa_17.map/shape.bin,areas/kpa/kpa_17.map/hit.bin,areas/kpa/kpa.tex,none,Lower Jail
kpa_32,areas/kpa/kpa_32.map/shape.bin,areas/kpa/kpa_32.map/hit.bin,areas/kpa/kpa.tex,backgrounds/kpa.bg.png,Lower Grand Hall
kpa_33,areas/kpa/kpa_33.map/shape.bin,areas/kpa/kpa_33.map/hit.bin,areas/kpa/kpa.tex,backgrounds/kpa.bg.png,Upper Grand Hall
kpa_40,areas/kpa/kpa_40.map/shape.bin,areas/kpa/kpa_40.map/hit.bin,areas/kpa/kpa.tex,none,Maze Guide Room
kpa_41,areas/kpa/kpa_41.map/shape.bin,areas/kpa/kpa_41.map/hit.bin,areas/kpa/kpa.tex,none,Maze Room
kpa_50,areas/kpa/kpa_50.map/shape.bin,areas/kpa/kpa_50.map/hit.bin,areas/kpa/kpa.tex,none,Hall to Guard Door 1
kpa_51,areas/kpa/kpa_50.map/shape.bin,areas/kpa/kpa_50.map/hit.bin,areas/kpa/kpa.tex,none,Hall to Water Puzzle
kpa_52,areas/kpa/kpa_52.map/shape.bin,areas/kpa/kpa_52.map/hit.bin,areas/kpa/kpa.tex,none,Split Level Hall
kpa_53,areas/kpa/kpa_50.map/shape.bin,areas/kpa/kpa_50.map/hit.bin,areas/kpa/kpa.tex,none,Fake Peach Hallway
kpa_60,areas/kpa/kpa_60.map/shape.bin,areas/kpa/kpa_60.map/hit.bin,areas/kpa/kpa.tex,backgrounds/kpa.bg.png,Ship Enter/Exit Scenes
kpa_61,areas/kpa/kpa_61.map/shape.bin,areas/kpa/kpa_61.map/hit.bin,areas/kpa/kpa.tex,backgrounds/kpa.bg.png,Battlement
kpa_62,areas/kpa/kpa_62.map/shape.bin,areas/kpa/kpa_62.map/hit.bin,areas/kpa/kpa.tex,backgrounds/kpa.bg.png,Front Door Exterior
kpa_63,areas/kpa/kpa_63.map/shape.bin,areas/kpa/kpa_63.map/hit.bin,areas/kpa/kpa.tex,none,Hanger
kpa_70,areas/kpa/kpa_70.map/shape.bin,areas/kpa/kpa_70.map/hit.bin,areas/kpa/kpa.tex,none,Entry Lava Hall
kpa_81,areas/kpa/kpa_80.map/shape.bin,areas/kpa/kpa_80.map/hit.bin,areas/kpa/kpa.tex,none,Guard Door 1
kpa_82,areas/kpa/kpa_80.map/shape.bin,areas/kpa/kpa_80.map/hit.bin,areas/kpa/kpa.tex,none,Guard Door 2
kpa_83,areas/kpa/kpa_80.map/shape.bin,areas/kpa/kpa_80.map/hit.bin,areas/kpa/kpa.tex,none,Guard Door 3
kpa_90,areas/kpa/kpa_90.map/shape.bin,areas/kpa/kpa_90.map/hit.bin,areas/kpa/kpa.tex,none,Stairs to East Upper Jail
kpa_91,areas/kpa/kpa_91.map/shape.bin,areas/kpa/kpa_91.map/hit.bin,areas/kpa/kpa.tex,none,East Upper Jail
kpa_94,areas/kpa/kpa_94.map/shape.bin,areas/kpa/kpa_94.map/hit.bin,areas/kpa/kpa.tex,none,Stairs to West Upper Jail
kpa_95,areas/kpa/kpa_95.map/shape.bin,areas/kpa/kpa_95.map/hit.bin,areas/kpa/kpa.tex,none,West Upper Jail
kpa_96,areas/kpa/kpa_96.map/shape.bin,areas/kpa/kpa_96.map/hit.bin,areas/kpa/kpa.tex,none,Item Shop
kpa_100,areas/kpa/kpa_117.map/shape.bin,areas/kpa/kpa_117.map/hit.bin,areas/kpa/kpa.tex,none,Castle Key Room
kpa_101,areas/kpa/kpa_119.map/shape.bin,areas/kpa/kpa_119.map/hit.bin,areas/kpa/kpa.tex,none,Ultra Shroom Room
kpa_102,areas/kpa/kpa_102.map/shape.bin,areas/kpa/kpa_102.map/hit.bin,areas/kpa/kpa.tex,none,Blue Fire Bridge
kpa_111,areas/kpa/kpa_111.map/shape.bin,areas/kpa/kpa_111.map/hit.bin,areas/kpa/kpa.tex,none,Room with Hidden Door 1
kpa_112,areas/kpa/kpa_112.map/shape.bin,areas/kpa/kpa_112.map/hit.bin,areas/kpa/kpa.tex,none,Hidden Passage 1
kpa_113,areas/kpa/kpa_113.map/shape.bin,areas/kpa/kpa_113.map/hit.bin,areas/kpa/kpa.tex,none,Room with Hidden Door 2
kpa_114,areas/kpa/kpa_112.map/shape.bin,areas/kpa/kpa_112.map/hit.bin,areas/kpa/kpa.tex,none,Hidden Passage 2
kpa_115,areas/kpa/kpa_115.map/shape.bin,areas/kpa/kpa_115.map/hit.bin,areas/kpa/kpa.tex,none,Room with Hidden Door 3
kpa_116,areas/kpa/kpa_116.map/shape.bin,areas/kpa/kpa_116.map/hit.bin,areas/kpa/kpa.tex,none,Dead End Passage
kpa_117,areas/kpa/kpa_117.map/shape.bin,areas/kpa/kpa_117.map/hit.bin,areas/kpa/kpa.tex,none,Dead End Room
kpa_118,areas/kpa/kpa_118.map/shape.bin,areas/kpa/kpa_118.map/hit.bin,areas/kpa/kpa.tex,none,Hidden Passage 3
kpa_119,areas/kpa/kpa_119.map/shape.bin,areas/kpa/kpa_119.map/hit.bin,areas/kpa/kpa.tex,none,Hidden Key Room
kpa_121,areas/kpa/kpa_121.map/shape.bin,areas/kpa/kpa_121.map/hit.bin,areas/kpa/kpa.tex,none,Exit to Peach's Castle
kpa_130,areas/kpa/kpa_130.map/shape.bin,areas/kpa/kpa_130.map/hit.bin,areas/kpa/kpa.tex,none,Bill Blaster Hall
kpa_133,areas/kpa/kpa_133.map/shape.bin,areas/kpa/kpa_133.map/hit.bin,areas/kpa/kpa.tex,none,Left Water Puzzle
kpa_134,areas/kpa/kpa_134.map/shape.bin,areas/kpa/kpa_134.map/hit.bin,areas/kpa/kpa.tex,none,Right Water Puzzle
kpa_80,areas/kpa/kpa_80.map/shape.bin,areas/kpa/kpa_80.map/hit.bin,areas/kpa/kpa.tex,none,Guard Door Geometry
osr_00,areas/osr/osr_00.map/shape.bin,areas/osr/osr_00.map/hit.bin,areas/osr/osr.tex,backgrounds/nok.bg.png,Intro Castle Grounds
osr_01,areas/osr/osr_01.map/shape.bin,areas/osr/osr_01.map/hit.bin,areas/osr/osr.tex,backgrounds/nok.bg.png,Ruined Castle Grounds
osr_02,areas/osr/osr_02.map/shape.bin,areas/osr/osr_02.map/hit.bin,areas/osr/osr.tex,backgrounds/kpa.bg.png,Hijacked Castle Entrance
osr_03,areas/osr/osr_03.map/shape.bin,areas/osr/osr_03.map/hit.bin,areas/osr/osr.tex,backgrounds/kpa.bg.png,Outside Hijacked Castle
osr_04,areas/osr/osr_03.map/shape.bin,areas/osr/osr_03.map/hit.bin,areas/osr/osr.tex,backgrounds/nok.bg.png,Castle Hijacking Scene
end_00,areas/end/end_00.map/shape.bin,areas/end/end_00.map/hit.bin,areas/end/end.tex,none,Parade (Day)
end_01,areas/end/end_01.map/shape.bin,areas/end/end_01.map/hit.bin,areas/end/end.tex,none,Parade (Night)
mgm_00,areas/mgm/mgm_00.map/shape.bin,areas/mgm/mgm_00.map/hit.bin,areas/mgm/mgm.tex,none,Playroom Lobby
mgm_01,areas/mgm/mgm_01.map/shape.bin,areas/mgm/mgm_01.map/hit.bin,areas/mgm/mgm.tex,none,Jump Attack Minigame
mgm_02,areas/mgm/mgm_02.map/shape.bin,areas/mgm/mgm_02.map/hit.bin,areas/mgm/mgm.tex,none,Smash Attack Minigame
mgm_03,areas/mgm/mgm_03.map/shape.bin,areas/mgm/mgm_03.map/hit.bin,areas/mgm/mgm.tex,none,Large Debug Room
gv_01,areas/gv_/gv_01.map/shape.bin,areas/gv_/gv_01.map/hit.bin,areas/gv_/gv_.tex,none,Game Over Screen
tst_01,areas/tst/tst_01.map/shape.bin,areas/tst/tst_01.map/hit.bin,areas/tst/tst.tex,backgrounds/nok.bg.png,Jump Width Test
tst_02,areas/tst/tst_02.map/shape.bin,areas/tst/tst_02.map/hit.bin,areas/tst/tst.tex,backgrounds/nok.bg.png,Jump Height Test
tst_03,areas/tst/tst_03.map/shape.bin,areas/tst/tst_03.map/hit.bin,areas/tst/tst.tex,backgrounds/nok.bg.png,Entity Test
tst_04,areas/tst/tst_04.map/shape.bin,areas/tst/tst_04.map/hit.bin,areas/tst/tst.tex,backgrounds/nok.bg.png,Moving Platforms Test
tst_10,areas/tst/tst_10.map/shape.bin,areas/tst/tst_10.map/hit.bin,areas/tst/tst.tex,backgrounds/nok.bg.png,Entry and Camera Test
tst_11,areas/tst/tst_11.map/shape.bin,areas/tst/tst_11.map/hit.bin,areas/tst/tst.tex,backgrounds/nok.bg.png,Reflection Test
tst_12,areas/tst/tst_12.map/shape.bin,areas/tst/tst_12.map/hit.bin,areas/tst/tst.tex,backgrounds/nok.bg.png,Flower Fields Test
tst_13,areas/tst/tst_13.map/shape.bin,areas/tst/tst_13.map/hit.bin,areas/tst/tst.tex,backgrounds/nok.bg.png,Partners and Shockwave
tst_20,areas/tst/tst_20.map/shape.bin,areas/tst/tst_20.map/hit.bin,areas/tst/tst.tex,backgrounds/nok.bg.png,Pipes Gallery
